{"cameraMode":{"drawMode":0,"name":"Shaded","section":"Shading Mode"},"sceneLighting":true,"audioPlay":false,"sceneViewState":{"showFog":true,"showMaterialUpdate":false,"showSkybox":true,"showFlares":true,"showImageEffects":false,"showParticleSystems":true},"in2DMode":false,"pivot":{"x":-8.0332612991333,"y":3.155341148376465,"z":-4.631403923034668},"rotation":{"x":0.2115502953529358,"y":0.08052840083837509,"z":-0.017493514344096185,"w":0.9738947153091431},"size":3.2699992656707765,"orthographic":false}