{"cameraMode":{"drawMode":0,"name":"Shaded","section":"Shading Mode"},"sceneLighting":false,"audioPlay":false,"sceneViewState":{"showFog":true,"showMaterialUpdate":false,"showSkybox":false,"showFlares":true,"showImageEffects":false,"showParticleSystems":true},"in2DMode":false,"pivot":{"x":-0.779453694820404,"y":0.8961049914360046,"z":0.835406482219696},"rotation":{"x":-0.049503836780786517,"y":-0.8772265911102295,"z":0.0927317664027214,"w":-0.4684983789920807},"size":2.7758896350860597,"orthographic":false}