{"cameraMode":{"drawMode":0,"name":"Shaded","section":"Shading Mode"},"sceneLighting":false,"audioPlay":false,"sceneViewState":{"showFog":true,"showMaterialUpdate":false,"showSkybox":false,"showFlares":true,"showImageEffects":false,"showParticleSystems":true},"in2DMode":false,"pivot":{"x":-0.03142428398132324,"y":0.6324290037155151,"z":1.0335969924926758},"rotation":{"x":-0.055071502923965457,"y":-0.8699581027030945,"z":0.09988867491483689,"w":-0.47982147336006167},"size":4.780240058898926,"orthographic":false}