{"cameraMode":{"drawMode":0,"name":"Shaded","section":"Shading Mode"},"sceneLighting":false,"audioPlay":false,"sceneViewState":{"showFog":true,"showMaterialUpdate":false,"showSkybox":false,"showFlares":true,"showImageEffects":false,"showParticleSystems":true},"in2DMode":false,"pivot":{"x":-0.4448823034763336,"y":0.9068313837051392,"z":0.36086735129356387},"rotation":{"x":0.06384173035621643,"y":-0.7444072365760803,"z":0.07191307842731476,"w":0.6608068346977234},"size":2.7295267581939699,"orthographic":false}