{"cameraMode":{"drawMode":0,"name":"Shaded","section":"Shading Mode"},"sceneLighting":false,"audioPlay":false,"sceneViewState":{"showFog":true,"showMaterialUpdate":false,"showSkybox":false,"showFlares":true,"showImageEffects":true,"showParticleSystems":true},"in2DMode":false,"pivot":{"x":1.8801294565200806,"y":1.7549920082092286,"z":-0.9528780579566956},"rotation":{"x":0.1581612527370453,"y":-0.5979822874069214,"z":0.12183957546949387,"w":0.7762464284896851},"size":0.0568464994430542,"orthographic":false}