{"cameraMode":{"drawMode":0,"name":"Shaded","section":"Shading Mode"},"sceneLighting":false,"audioPlay":false,"sceneViewState":{"showFog":true,"showMaterialUpdate":false,"showSkybox":false,"showFlares":true,"showImageEffects":true,"showParticleSystems":true},"in2DMode":false,"pivot":{"x":0.21674352884292603,"y":0.6278862953186035,"z":0.3655247688293457},"rotation":{"x":-0.08839304745197296,"y":-0.00415918929502368,"z":0.00012548694212455302,"w":-0.9961918592453003},"size":1.7349042892456055,"orthographic":false}