{"cameraMode":{"drawMode":0,"name":"Shaded","section":"Shading Mode"},"sceneLighting":true,"audioPlay":false,"sceneViewState":{"showFog":true,"showMaterialUpdate":false,"showSkybox":true,"showFlares":true,"showImageEffects":true,"showParticleSystems":true},"in2DMode":false,"pivot":{"x":4.811896800994873,"y":0.5005757808685303,"z":-2.7797999382019045},"rotation":{"x":0.03979841619729996,"y":-0.39950940012931826,"z":0.01754118874669075,"w":0.9158331155776978},"size":7.434812068939209,"orthographic":false}